volunteer_id,skills,willingness_score,availability_hours_week,latitude,longitude,experience_months,tasks_completed,avg_rating,reliability_score,preferred_ngo_type
V0001,"teaching,public_speaking",0.46,30,12.9728,77.6323,57,34,3.2,0.71,education
V0002,"photography,writing",0.52,30,12.9644,77.5944,44,34,3.8,0.72,child_welfare
V0003,"graphic_design,legal_advice",0.97,15,12.949,77.63,6,5,3.8,0.68,elderly_care
V0004,"public_speaking,mentoring,community_outreach,event_planning,cooking,photography",0.78,40,13.0413,77.6322,23,36,3.4,0.53,women_empowerment
V0005,"fundraising,writing,event_planning,medical_assistance",0.62,15,12.9416,77.7638,22,13,4.3,0.85,healthcare
V0006,"graphic_design,gardening,writing,construction,cooking,photography",0.81,10,12.9403,77.8427,43,20,4.7,0.89,women_empowerment
V0007,"data_entry,medical_assistance",0.97,30,12.9653,77.6513,20,13,4.3,0.7,disaster_relief
V0008,"public_speaking,social_media,writing",0.85,20,12.967,77.449,57,37,3.8,0.61,environment
V0009,"translation,fundraising,mentoring,event_planning,gardening,data_entry",0.76,20,13.0702,77.7499,24,38,5.0,0.76,education
V0010,"gardening,public_speaking",0.58,10,12.9823,77.5033,29,0,4.9,0.94,child_welfare
V0011,"graphic_design,cooking,event_planning,coding,legal_advice,data_entry",0.62,10,12.9179,77.592,34,49,4.8,0.96,elderly_care
V0012,"teaching,event_planning,counseling,coding,gardening",0.97,5,13.1934,77.6791,46,31,4.6,0.99,environment
V0013,"translation,gardening,graphic_design",0.65,10,12.9493,77.8293,59,34,4.5,0.84,child_welfare
V0014,"counseling,community_outreach,cooking,gardening,mentoring",0.41,25,12.9718,77.6119,14,37,3.4,0.54,education
V0015,"fundraising,mentoring,data_entry",0.8,10,13.0297,77.6223,34,8,4.4,0.94,disaster_relief
V0016,"translation,legal_advice,photography",0.61,20,13.1193,77.6941,29,46,3.1,0.83,healthcare
V0017,"medical_assistance,data_entry",0.51,25,12.9808,77.5665,28,8,3.8,0.64,women_empowerment
V0018,"community_outreach,gardening",0.72,5,13.1155,77.6963,5,48,4.7,0.58,disaster_relief
V0019,"photography,medical_assistance,mentoring,graphic_design,construction",0.96,40,13.0771,77.596,29,18,3.8,0.98,disaster_relief
V0020,"photography,coding,construction",0.73,30,13.1251,77.564,20,3,3.1,0.74,environment
V0021,"cooking,fundraising",0.44,40,12.9826,77.5797,15,25,3.2,0.95,women_empowerment
V0022,"mentoring,fundraising,legal_advice,data_entry,community_outreach,social_media",0.54,20,13.0265,77.7802,8,42,4.3,0.73,healthcare
V0023,"community_outreach,event_planning",0.56,15,13.0232,77.6202,56,4,4.8,0.68,environment
V0024,"gardening,coding,cooking,teaching,data_entry",0.8,10,13.0047,77.5208,16,7,4.8,0.87,environment
V0025,"coding,photography,data_entry,gardening",0.7,15,12.8834,77.3816,57,3,3.2,0.71,child_welfare
V0026,"teaching,data_entry",0.56,30,12.9944,77.4239,28,35,4.4,0.78,healthcare
V0027,"social_media,gardening",0.73,20,13.0688,77.617,8,2,3.6,0.95,education
V0028,"photography,writing,event_planning,counseling",0.64,25,13.0165,77.3599,47,9,4.9,0.62,environment
V0029,"legal_advice,teaching,graphic_design",0.96,40,12.964,77.5051,42,47,4.6,0.63,healthcare
V0030,"mentoring,translation,writing,photography,legal_advice",0.89,40,13.054,77.5483,14,14,3.0,0.6,elderly_care
V0031,"fundraising,public_speaking,counseling,medical_assistance",0.6,5,12.8739,77.3886,7,16,3.4,0.98,child_welfare
V0032,"event_planning,legal_advice",0.66,25,12.8514,77.7699,7,24,4.8,0.6,education
V0033,"teaching,cooking,photography,counseling,gardening",0.6,15,13.1341,77.671,42,7,4.4,0.65,child_welfare
V0034,"data_entry,medical_assistance,coding,social_media,event_planning",0.81,10,12.7485,77.7164,39,36,3.6,0.77,education
V0035,"coding,photography,legal_advice,data_entry",0.53,20,12.855,77.6207,50,50,4.5,0.83,child_welfare
V0036,"data_entry,fundraising,writing,coding,event_planning,medical_assistance",0.55,20,12.9737,77.6009,39,49,3.1,0.71,women_empowerment
V0037,"translation,medical_assistance,writing,social_media,data_entry",0.92,5,12.8794,77.3716,49,27,3.4,0.9,disaster_relief
V0038,"gardening,writing",0.48,20,13.0001,77.5783,42,33,5.0,0.8,disaster_relief
V0039,"cooking,legal_advice,community_outreach,graphic_design,counseling,gardening",0.55,30,12.9024,77.6057,17,49,4.6,0.74,women_empowerment
V0040,"community_outreach,fundraising,coding,writing",0.72,10,12.9598,77.6802,9,14,3.8,0.58,women_empowerment
V0041,"legal_advice,construction",0.44,40,12.9103,77.7046,26,24,4.8,0.79,education
V0042,"medical_assistance,translation,teaching,counseling,social_media,construction",0.9,25,12.7859,77.7482,47,47,4.1,0.8,women_empowerment
V0043,"writing,public_speaking,legal_advice,translation,teaching",0.88,30,12.8331,77.7108,10,29,4.8,0.99,education
V0044,"construction,teaching,fundraising,legal_advice,cooking",0.56,15,13.0045,77.5581,13,29,3.7,0.88,animal_welfare
V0045,"legal_advice,public_speaking,fundraising,translation",1.0,15,13.1163,77.6123,14,41,3.1,0.98,education
V0046,"writing,photography",0.54,20,13.0609,77.4524,42,7,4.1,0.61,child_welfare
V0047,"graphic_design,event_planning,construction,coding",0.59,30,12.977,77.599,58,24,3.8,0.86,healthcare
V0048,"writing,event_planning,coding,gardening,medical_assistance,cooking",0.66,15,12.9907,77.5027,4,32,4.3,0.51,animal_welfare
V0049,"event_planning,legal_advice,counseling,community_outreach,cooking",0.71,30,12.9989,77.6336,17,39,4.6,0.77,disaster_relief
V0050,"legal_advice,public_speaking,data_entry,writing,construction",0.67,40,13.0407,77.5645,29,36,4.2,0.69,education
V0051,"data_entry,graphic_design,translation,photography,gardening",0.93,30,12.9988,77.5067,56,17,4.1,0.76,women_empowerment
V0052,"writing,legal_advice",0.81,30,12.7672,77.6093,45,31,3.9,0.51,child_welfare
V0053,"medical_assistance,writing,coding",0.73,15,12.9203,77.5091,27,47,4.1,0.68,disaster_relief
V0054,"coding,public_speaking,writing,event_planning",0.85,40,12.9563,77.5107,44,11,3.4,0.87,child_welfare
V0055,"cooking,coding,event_planning,photography,social_media,construction",0.82,10,12.9192,77.6573,17,2,4.9,0.78,environment
V0056,"event_planning,teaching,coding,translation,writing",0.43,40,12.9252,77.6128,30,7,4.6,0.7,healthcare
V0057,"mentoring,social_media,gardening,coding,construction,event_planning",0.76,40,13.1236,77.7346,39,14,4.6,0.69,disaster_relief
V0058,"construction,legal_advice,coding,mentoring",0.97,10,12.8172,77.4675,40,13,3.5,0.54,women_empowerment
V0059,"gardening,fundraising,graphic_design",0.76,15,13.0933,77.5966,2,14,3.6,0.64,disaster_relief
V0060,"writing,public_speaking",0.8,10,13.0114,77.4304,27,7,4.1,0.82,child_welfare
V0061,"fundraising,mentoring,graphic_design",0.89,15,13.0142,77.4395,28,7,3.9,0.65,animal_welfare
V0062,"cooking,gardening,translation,community_outreach",0.66,15,12.981,77.5998,38,16,3.1,0.61,education
V0063,"construction,mentoring,graphic_design,translation",0.57,25,12.8529,77.5804,27,40,4.6,0.98,disaster_relief
V0064,"legal_advice,data_entry,gardening,event_planning",0.82,15,13.0274,77.5251,42,25,4.6,0.78,disaster_relief
V0065,"data_entry,public_speaking",0.64,25,12.8551,77.8295,52,0,4.3,0.77,animal_welfare
V0066,"photography,cooking",0.78,40,12.8395,77.7507,3,13,3.5,0.57,child_welfare
V0067,"translation,event_planning,teaching,writing,counseling",0.73,5,13.0526,77.7195,14,7,3.9,0.56,environment
V0068,"coding,cooking,public_speaking,legal_advice,translation",0.67,10,12.8447,77.6086,24,12,4.8,0.75,environment
V0069,"public_speaking,legal_advice",0.56,5,12.8577,77.7744,18,46,3.6,0.79,disaster_relief
V0070,"community_outreach,gardening,translation",0.73,20,12.8877,77.7179,59,20,4.7,0.99,women_empowerment
V0071,"medical_assistance,writing,legal_advice,mentoring,graphic_design,counseling",0.63,30,12.7283,77.6363,50,41,5.0,0.75,education
V0072,"cooking,data_entry,event_planning",0.72,20,13.0553,77.51,0,46,3.3,0.94,environment
V0073,"translation,public_speaking",0.79,40,12.8727,77.7536,21,43,4.7,0.69,elderly_care
V0074,"gardening,mentoring,fundraising,writing,data_entry",0.54,5,12.9405,77.5234,27,6,4.5,0.85,healthcare
V0075,"graphic_design,coding,teaching,mentoring,construction",0.62,10,12.9943,77.5186,15,33,3.8,0.84,environment
V0076,"graphic_design,fundraising,medical_assistance",0.95,10,12.9241,77.5501,14,29,4.3,0.73,education
V0077,"coding,gardening,graphic_design,fundraising,writing",0.58,20,13.2229,77.5046,44,16,3.9,0.65,animal_welfare
V0078,"event_planning,writing,medical_assistance,counseling,coding",0.41,40,12.9179,77.7758,42,25,3.5,0.78,education
V0079,"translation,coding,writing,counseling,event_planning,data_entry",0.85,40,12.9965,77.6576,42,43,4.7,0.81,education
V0080,"community_outreach,mentoring,counseling,social_media",0.85,10,13.0389,77.6374,12,8,4.6,0.94,elderly_care
V0081,"cooking,public_speaking,graphic_design,gardening,community_outreach,legal_advice",0.58,40,13.2171,77.5048,21,7,3.9,0.54,women_empowerment
V0082,"gardening,counseling,fundraising,medical_assistance,teaching",0.62,30,12.9686,77.6279,43,16,4.2,0.91,elderly_care
V0083,"writing,translation",0.74,25,13.2076,77.632,14,41,3.1,0.91,child_welfare
V0084,"event_planning,social_media,mentoring,cooking,gardening",0.54,25,13.003,77.5938,8,24,3.9,0.84,animal_welfare
V0085,"social_media,legal_advice,event_planning,translation,coding,photography",0.81,10,13.0417,77.5664,28,28,4.9,0.93,healthcare
V0086,"gardening,counseling,mentoring,medical_assistance",0.97,40,12.9292,77.8528,29,5,4.3,0.82,education
V0087,"data_entry,writing",0.52,40,13.1838,77.5797,48,35,3.4,0.61,women_empowerment
V0088,"social_media,teaching,public_speaking,construction",0.88,5,13.1172,77.5832,42,1,3.3,0.68,women_empowerment
V0089,"data_entry,teaching,graphic_design,public_speaking,gardening,fundraising",0.85,20,12.9642,77.4526,28,49,3.7,0.8,disaster_relief
V0090,"writing,mentoring,cooking,coding,construction,data_entry",0.69,20,12.9876,77.5909,27,43,3.2,0.86,disaster_relief
V0091,"fundraising,data_entry",0.57,30,12.9578,77.5834,37,35,4.4,0.69,child_welfare
V0092,"cooking,legal_advice,event_planning,construction,gardening",0.73,40,12.8379,77.3986,13,27,3.9,0.61,elderly_care
V0093,"medical_assistance,legal_advice,event_planning,data_entry,photography",0.97,30,12.9452,77.6582,59,30,3.1,0.92,healthcare
V0094,"event_planning,counseling,social_media,mentoring,coding",0.8,20,13.1178,77.5537,22,42,4.9,0.71,education
V0095,"coding,counseling,event_planning,photography",0.91,15,13.045,77.7023,54,35,3.7,0.88,women_empowerment
V0096,"gardening,construction,teaching,public_speaking,cooking",0.59,15,13.052,77.7667,22,0,3.4,0.57,animal_welfare
V0097,"social_media,teaching",0.63,20,13.0918,77.6728,21,10,3.7,0.86,healthcare
V0098,"social_media,graphic_design",0.45,20,12.972,77.5812,42,27,4.0,0.72,child_welfare
V0099,"cooking,event_planning,counseling",0.81,20,12.9024,77.6272,33,42,3.6,0.61,education
V0100,"photography,coding",0.86,15,13.1669,77.5247,20,7,3.0,0.87,environment
V0101,"medical_assistance,gardening,writing",0.88,5,12.7464,77.5942,25,47,3.1,0.51,healthcare
V0102,"construction,legal_advice,medical_assistance,gardening",0.98,10,12.9447,77.7007,51,39,3.9,0.84,elderly_care
V0103,"legal_advice,event_planning",0.71,20,12.9783,77.7536,55,19,4.5,0.61,environment
V0104,"cooking,event_planning",0.87,15,12.9202,77.5846,46,41,4.6,0.62,environment
V0105,"photography,graphic_design,social_media,fundraising",0.7,40,13.0639,77.782,36,48,4.2,0.84,elderly_care
V0106,"social_media,community_outreach,fundraising,translation",0.56,5,12.8951,77.6237,22,32,3.1,0.73,education
V0107,"counseling,coding",0.91,25,13.1786,77.7029,38,32,3.8,0.79,education
V0108,"construction,photography,data_entry,translation,public_speaking",0.46,40,12.9814,77.6082,21,45,3.2,0.82,education
V0109,"community_outreach,construction,cooking",0.62,15,12.9291,77.5885,24,26,4.5,0.84,education
V0110,"fundraising,data_entry,event_planning,medical_assistance",0.79,25,12.93,77.7857,55,9,3.7,0.79,environment
V0111,"coding,medical_assistance,social_media,fundraising",0.87,40,12.9344,77.6894,8,42,4.4,0.97,healthcare
V0112,"cooking,counseling,teaching,gardening,social_media",0.97,20,12.9962,77.647,12,14,5.0,0.58,child_welfare
V0113,"cooking,gardening",0.42,15,13.0933,77.3891,56,49,4.2,0.8,environment
V0114,"graphic_design,construction,community_outreach",0.83,20,13.0664,77.6213,39,18,4.5,0.89,women_empowerment
V0115,"writing,coding,translation,photography,graphic_design,data_entry",0.68,15,13.2231,77.5078,49,24,4.0,0.71,environment
V0116,"social_media,public_speaking,mentoring",0.73,5,12.8224,77.4115,45,33,4.7,0.64,environment
V0117,"community_outreach,cooking,social_media,legal_advice",0.89,15,13.1779,77.7287,59,1,3.8,0.7,elderly_care
V0118,"medical_assistance,fundraising,counseling",0.46,30,12.9853,77.6796,41,21,4.6,0.57,child_welfare
V0119,"social_media,translation,community_outreach,teaching,cooking",0.9,25,13.0324,77.6276,60,46,4.2,0.71,child_welfare
V0120,"coding,event_planning,mentoring",0.77,5,12.9841,77.7668,7,31,4.2,0.51,women_empowerment
V0121,"coding,legal_advice,teaching",0.65,30,12.9228,77.5517,42,5,4.0,0.68,education
V0122,"translation,mentoring,medical_assistance,counseling,social_media",0.44,10,12.97,77.4981,46,42,4.3,0.89,elderly_care
V0123,"mentoring,counseling,data_entry",0.87,20,12.99,77.551,44,30,4.3,0.91,healthcare
V0124,"mentoring,coding,photography,construction,medical_assistance",0.96,25,12.9751,77.6054,25,34,3.9,0.52,women_empowerment
V0125,"counseling,mentoring,data_entry,public_speaking",0.93,30,13.0422,77.6647,28,24,3.7,0.59,disaster_relief
V0126,"cooking,public_speaking,fundraising,legal_advice",0.89,25,13.1148,77.6721,18,20,3.2,0.66,child_welfare
V0127,"community_outreach,legal_advice,graphic_design,construction",0.92,15,12.9648,77.6038,39,27,3.5,0.99,education
V0128,"medical_assistance,counseling",0.5,5,12.7696,77.578,9,38,4.4,0.72,environment
V0129,"writing,counseling",0.42,10,12.8054,77.7901,43,28,4.9,0.69,healthcare
V0130,"social_media,cooking,counseling,medical_assistance,graphic_design,data_entry",0.42,10,12.9251,77.85,31,33,3.8,0.78,child_welfare
V0131,"community_outreach,photography,coding,translation",0.44,10,12.9829,77.6295,57,45,3.9,0.54,elderly_care
V0132,"fundraising,gardening,coding,cooking",0.96,30,13.086,77.4399,11,50,3.7,0.61,women_empowerment
V0133,"writing,translation,teaching",0.68,25,12.8723,77.7132,8,39,4.8,0.53,animal_welfare
V0134,"cooking,legal_advice,gardening,fundraising,translation",0.67,30,13.1426,77.5646,33,22,3.3,0.91,environment
V0135,"legal_advice,cooking,mentoring",0.58,10,13.0401,77.4725,20,45,3.5,0.97,child_welfare
V0136,"public_speaking,photography",0.48,15,12.8732,77.4829,39,34,3.2,0.82,environment
V0137,"data_entry,mentoring,teaching",0.86,15,13.1953,77.7198,41,13,4.5,0.71,education
V0138,"gardening,coding,construction,translation,event_planning",0.58,5,13.034,77.4203,44,3,3.3,0.71,disaster_relief
V0139,"data_entry,social_media,construction",0.99,15,13.0272,77.5286,25,8,4.5,0.76,healthcare
V0140,"writing,community_outreach,event_planning,public_speaking",0.43,20,12.9354,77.6065,55,39,3.8,0.98,environment
V0141,"construction,data_entry,photography,graphic_design",0.7,15,12.8325,77.5961,31,1,3.2,0.7,disaster_relief
V0142,"photography,counseling,mentoring",0.93,30,13.0987,77.6364,43,30,3.6,0.5,healthcare
V0143,"social_media,public_speaking,counseling,medical_assistance,graphic_design",0.74,15,12.9849,77.5985,35,18,3.1,0.75,child_welfare
V0144,"event_planning,social_media,construction,medical_assistance,graphic_design,translation",0.62,10,13.1218,77.5821,12,38,4.0,0.75,education
V0145,"social_media,data_entry",0.49,25,13.0183,77.4622,8,20,4.9,0.66,animal_welfare
V0146,"coding,data_entry,cooking,translation,counseling,construction",0.62,30,12.9037,77.8044,7,26,4.2,0.9,education
V0147,"translation,public_speaking,writing,mentoring,coding,cooking",0.77,40,13.053,77.7438,24,9,4.6,0.62,healthcare
V0148,"teaching,community_outreach,data_entry",0.52,25,12.8742,77.6491,49,39,4.8,0.94,education
V0149,"cooking,photography,data_entry",0.63,10,13.1009,77.5931,29,34,3.7,0.68,child_welfare
V0150,"translation,photography,writing,public_speaking,construction,social_media",0.58,15,13.013,77.8543,45,13,4.4,0.74,disaster_relief
V0151,"gardening,public_speaking,coding,event_planning",0.94,20,12.8402,77.5292,52,22,4.9,0.9,child_welfare
V0152,"coding,fundraising",0.55,20,12.9036,77.6929,13,12,4.7,0.64,child_welfare
V0153,"event_planning,writing,gardening",0.54,10,13.2039,77.6713,3,6,3.8,0.86,healthcare
V0154,"teaching,gardening,graphic_design",0.93,20,12.7609,77.7341,41,12,4.5,0.64,child_welfare
V0155,"fundraising,writing",0.96,10,12.7809,77.5518,26,11,4.9,0.52,animal_welfare
V0156,"graphic_design,coding,mentoring,teaching,social_media",0.99,15,12.9452,77.5826,29,41,4.1,0.75,environment
V0157,"community_outreach,public_speaking,photography,event_planning,graphic_design,fundraising",0.83,5,12.9509,77.4206,47,21,4.6,0.78,women_empowerment
V0158,"medical_assistance,legal_advice,cooking",0.46,10,12.9207,77.6902,30,20,4.9,0.5,animal_welfare
V0159,"community_outreach,public_speaking,data_entry",0.41,30,12.909,77.7797,23,44,3.5,0.83,disaster_relief
V0160,"graphic_design,medical_assistance,cooking,coding",0.96,15,12.9083,77.434,39,14,3.4,0.57,environment
V0161,"counseling,legal_advice,translation,photography,medical_assistance",0.92,5,12.9748,77.7986,33,28,4.1,0.68,healthcare
V0162,"gardening,cooking",0.5,40,13.0145,77.7331,33,28,3.2,0.6,disaster_relief
V0163,"cooking,community_outreach",0.71,20,13.0158,77.4803,36,3,4.1,0.84,child_welfare
V0164,"medical_assistance,public_speaking",0.75,5,13.0533,77.4103,27,22,4.4,0.77,education
V0165,"translation,mentoring",0.48,30,12.9604,77.6419,46,41,4.9,0.69,animal_welfare
V0166,"medical_assistance,construction,fundraising,social_media,data_entry",1.0,20,12.9921,77.5699,33,8,4.5,0.61,education
V0167,"coding,community_outreach",0.72,40,12.9036,77.4641,14,15,3.9,0.58,women_empowerment
V0168,"mentoring,legal_advice",0.93,10,12.7817,77.4274,13,4,3.2,0.52,education
V0169,"mentoring,medical_assistance,community_outreach",0.92,5,12.9774,77.653,8,32,5.0,0.62,elderly_care
V0170,"data_entry,writing,coding,social_media,construction,public_speaking",0.44,25,12.9863,77.6745,56,47,4.8,0.81,animal_welfare
V0171,"translation,mentoring,counseling,medical_assistance,construction,public_speaking",0.49,20,12.9245,77.6968,11,48,4.1,0.62,women_empowerment
V0172,"social_media,community_outreach,mentoring,legal_advice",0.48,10,13.1191,77.5643,16,13,3.7,0.54,disaster_relief
V0173,"fundraising,gardening,photography,mentoring",0.76,40,12.9505,77.7754,4,12,4.6,0.79,women_empowerment
V0174,"photography,data_entry,coding,teaching,event_planning",0.47,40,13.2116,77.4946,30,15,4.4,0.85,animal_welfare
V0175,"gardening,data_entry,coding",0.62,15,12.8661,77.6929,23,32,4.8,0.73,disaster_relief
V0176,"photography,counseling,data_entry,legal_advice",0.84,5,13.1956,77.6608,16,35,4.9,0.79,animal_welfare
V0177,"social_media,photography,data_entry,writing",0.7,30,12.8076,77.7489,60,43,3.7,0.88,disaster_relief
V0178,"community_outreach,graphic_design,counseling,gardening,fundraising",0.95,25,12.9471,77.4649,41,3,4.0,0.92,healthcare
V0179,"teaching,legal_advice",0.44,10,13.0823,77.7242,0,13,4.0,0.69,disaster_relief
V0180,"teaching,construction,legal_advice,gardening,translation",0.99,5,12.8986,77.581,32,44,4.3,0.9,environment
V0181,"event_planning,cooking",0.72,40,13.0024,77.6364,22,17,4.6,0.54,animal_welfare
V0182,"construction,writing,gardening,coding,data_entry",1.0,30,12.9819,77.5754,48,2,3.2,0.69,disaster_relief
V0183,"teaching,graphic_design",0.79,15,13.1699,77.708,36,6,4.8,0.96,women_empowerment
V0184,"construction,translation,public_speaking",0.96,25,12.9908,77.6004,36,42,3.1,0.96,elderly_care
V0185,"photography,social_media",0.64,5,12.9743,77.402,19,10,4.1,0.78,animal_welfare
V0186,"data_entry,medical_assistance,social_media,fundraising,public_speaking,counseling",0.66,40,12.9859,77.5923,4,21,4.2,0.81,animal_welfare
V0187,"teaching,public_speaking,community_outreach,translation",0.63,10,12.9921,77.7427,43,37,4.3,0.54,child_welfare
V0188,"fundraising,construction,public_speaking",0.78,30,13.0805,77.7532,24,20,3.7,0.55,child_welfare
V0189,"counseling,public_speaking,event_planning,social_media,mentoring",0.73,20,13.0181,77.7066,6,1,3.2,0.78,elderly_care
V0190,"teaching,coding,legal_advice,medical_assistance,translation",0.94,10,13.1815,77.7182,36,33,3.3,0.69,environment
V0191,"coding,public_speaking,translation,social_media",0.65,20,13.0799,77.6401,50,4,3.7,0.97,disaster_relief
V0192,"photography,community_outreach,event_planning,social_media,translation,teaching",0.77,40,13.0568,77.5662,55,21,3.9,0.72,environment
V0193,"data_entry,photography,translation,construction",0.59,30,13.0189,77.6913,44,40,4.0,0.79,women_empowerment
V0194,"medical_assistance,public_speaking,construction,counseling",0.76,25,13.0866,77.6946,11,43,4.5,0.51,disaster_relief
V0195,"community_outreach,coding,fundraising",0.65,20,13.0619,77.3994,8,40,3.6,0.63,environment
V0196,"medical_assistance,fundraising,community_outreach,translation,coding",0.95,30,12.8604,77.6745,26,34,3.1,0.98,healthcare
V0197,"writing,counseling",0.74,30,13.0547,77.7378,43,41,3.8,0.88,animal_welfare
V0198,"teaching,event_planning",0.71,25,12.964,77.7324,44,36,3.4,0.69,disaster_relief
V0199,"cooking,social_media,counseling,teaching,writing,mentoring",0.45,40,12.9015,77.8333,60,46,3.3,0.66,disaster_relief
V0200,"cooking,translation,counseling",0.82,15,12.8545,77.6123,4,19,3.1,0.86,education
V0201,"event_planning,graphic_design,writing,gardening",0.66,20,12.8869,77.5659,14,25,4.3,0.59,animal_welfare
V0202,"teaching,photography,community_outreach,legal_advice,gardening",0.57,30,13.0296,77.5962,51,50,3.1,0.55,environment
V0203,"data_entry,photography,community_outreach,event_planning",0.72,30,12.9535,77.827,20,38,3.8,0.7,healthcare
V0204,"counseling,community_outreach,graphic_design,coding",0.8,15,13.1107,77.5166,7,15,3.6,0.59,environment
V0205,"medical_assistance,legal_advice,social_media,construction,photography,fundraising",0.95,10,12.8269,77.6067,35,10,4.0,0.57,elderly_care
V0206,"mentoring,counseling,teaching,translation,fundraising",0.74,30,13.0067,77.6923,31,26,4.4,0.71,disaster_relief
V0207,"graphic_design,fundraising,teaching,writing,social_media",0.57,40,13.0311,77.607,29,36,4.5,0.88,healthcare
V0208,"event_planning,public_speaking,counseling,mentoring,medical_assistance,cooking",0.66,30,12.9165,77.6159,53,41,4.5,0.65,education
V0209,"public_speaking,counseling,fundraising,community_outreach,legal_advice",0.54,40,13.1811,77.5866,47,37,4.4,0.93,animal_welfare
V0210,"social_media,photography,gardening",0.72,25,13.0242,77.4498,34,10,3.6,0.85,child_welfare
V0211,"public_speaking,cooking,event_planning,social_media,medical_assistance,community_outreach",0.57,30,12.958,77.603,8,44,4.7,0.62,elderly_care
V0212,"medical_assistance,translation,social_media",0.65,20,12.9074,77.5606,4,40,4.6,0.88,animal_welfare
V0213,"public_speaking,counseling,community_outreach,translation,graphic_design,coding",0.84,30,13.1808,77.5979,29,40,4.3,0.68,healthcare
V0214,"medical_assistance,photography,legal_advice,gardening,writing,social_media",0.73,10,12.9377,77.6634,36,31,4.6,0.95,education
V0215,"event_planning,community_outreach",0.49,20,13.2215,77.6203,0,27,3.4,0.84,environment
V0216,"graphic_design,public_speaking,fundraising,counseling",0.94,10,12.9714,77.6951,3,25,4.3,0.86,women_empowerment
V0217,"fundraising,event_planning,teaching,photography,writing",0.71,20,13.1132,77.6701,0,0,4.4,0.91,animal_welfare
V0218,"translation,fundraising,writing",0.46,15,12.825,77.727,23,19,3.3,0.89,environment
V0219,"fundraising,cooking,teaching",0.61,10,12.9375,77.5663,40,47,3.3,0.71,disaster_relief
V0220,"fundraising,event_planning,social_media",0.63,20,12.974,77.4353,20,50,3.3,0.64,healthcare
V0221,"gardening,coding,teaching",0.58,25,13.0743,77.4493,38,32,3.4,0.7,education
V0222,"translation,medical_assistance,event_planning",0.44,5,12.9813,77.7668,23,20,3.3,0.93,animal_welfare
V0223,"gardening,graphic_design,translation,fundraising",0.56,5,12.9898,77.5965,59,3,4.9,0.7,child_welfare
V0224,"legal_advice,construction,medical_assistance,fundraising,data_entry,public_speaking",0.45,5,12.9315,77.5849,32,13,4.9,0.58,elderly_care
V0225,"construction,fundraising,coding,legal_advice,counseling",0.55,20,13.0334,77.576,7,29,4.2,0.53,environment
V0226,"teaching,social_media",0.97,25,12.9583,77.5524,33,50,4.6,0.63,elderly_care
V0227,"public_speaking,event_planning,teaching",0.71,15,12.9125,77.6945,45,36,4.3,0.75,elderly_care
V0228,"translation,graphic_design",0.46,25,12.9251,77.6455,43,46,3.2,0.87,education
V0229,"teaching,writing",0.95,10,13.0659,77.6226,59,2,4.1,0.96,animal_welfare
V0230,"data_entry,writing,legal_advice",0.9,25,13.0463,77.551,23,7,4.0,0.95,environment
V0231,"cooking,mentoring,medical_assistance",0.57,40,13.0857,77.6474,19,20,3.2,0.73,elderly_care
V0232,"coding,construction,writing",0.7,40,12.8158,77.6305,49,12,4.5,0.77,women_empowerment
V0233,"teaching,legal_advice,construction",0.9,5,12.9816,77.6877,60,21,3.0,0.83,child_welfare
V0234,"photography,cooking",0.98,10,13.0844,77.5826,45,17,3.2,0.96,animal_welfare
V0235,"community_outreach,fundraising,event_planning,social_media",0.76,5,12.9022,77.5137,27,42,4.9,0.62,child_welfare
V0236,"medical_assistance,data_entry,gardening,community_outreach",0.52,40,12.9688,77.6146,49,37,3.2,0.55,disaster_relief
V0237,"data_entry,legal_advice,event_planning,counseling,medical_assistance",0.56,5,12.9935,77.675,5,10,4.6,0.65,education
V0238,"data_entry,social_media,fundraising",0.64,5,12.9084,77.3406,43,19,3.5,1.0,education
V0239,"community_outreach,gardening,writing,event_planning,cooking",0.47,5,13.1436,77.7228,53,49,5.0,0.57,animal_welfare
V0240,"fundraising,public_speaking,construction,teaching",0.79,40,13.025,77.5936,8,5,4.8,0.91,elderly_care
V0241,"mentoring,community_outreach",0.66,30,13.2088,77.6727,25,31,3.1,0.84,environment
V0242,"photography,graphic_design,public_speaking,cooking",0.77,25,12.9337,77.608,15,41,3.6,0.71,disaster_relief
V0243,"fundraising,public_speaking",0.79,40,12.8875,77.6706,33,15,4.3,0.9,education
V0244,"counseling,translation,gardening,construction,community_outreach",0.56,5,12.892,77.5598,20,38,3.4,0.95,child_welfare
V0245,"translation,cooking",0.54,10,12.873,77.7178,6,15,4.3,0.63,education
V0246,"construction,medical_assistance,counseling",0.5,10,13.2177,77.4885,37,20,4.6,0.85,education
V0247,"construction,social_media,photography,translation",0.42,5,12.9258,77.5822,14,38,3.4,0.76,education
V0248,"photography,social_media,data_entry,graphic_design",0.59,5,13.1707,77.4831,9,37,4.4,0.57,healthcare
V0249,"counseling,fundraising,construction,medical_assistance,coding,mentoring",0.99,30,12.9265,77.6692,60,27,4.6,0.98,elderly_care
V0250,"gardening,counseling,writing",0.63,30,12.8602,77.4048,44,18,3.3,0.86,animal_welfare
V0251,"mentoring,graphic_design,data_entry,writing,cooking,coding",0.6,5,13.078,77.6762,15,22,5.0,0.58,healthcare
V0252,"community_outreach,teaching,public_speaking,photography",0.55,5,12.9717,77.6129,46,0,3.1,0.72,animal_welfare
V0253,"legal_advice,translation,medical_assistance",0.9,40,12.9113,77.6762,55,36,4.3,0.84,environment
V0254,"fundraising,mentoring,coding,teaching,graphic_design",0.61,20,12.9696,77.6228,10,46,3.2,0.97,healthcare
V0255,"translation,teaching,legal_advice,graphic_design",0.43,15,12.8799,77.5213,13,12,3.8,0.78,child_welfare
V0256,"coding,writing,event_planning,mentoring",0.69,5,12.8554,77.6872,23,0,3.9,0.65,disaster_relief
V0257,"event_planning,teaching,photography",0.45,40,13.0092,77.6639,7,19,4.6,0.74,child_welfare
V0258,"gardening,medical_assistance",0.62,20,13.0668,77.8142,2,16,3.9,0.63,child_welfare
V0259,"mentoring,social_media,event_planning,fundraising,data_entry,graphic_design",0.85,10,13.0116,77.4901,35,3,4.7,0.91,animal_welfare
V0260,"translation,writing,construction,coding,mentoring,photography",0.7,25,13.1297,77.4839,51,36,4.4,0.81,healthcare
V0261,"graphic_design,construction,photography,cooking,fundraising",0.81,10,12.992,77.6002,52,40,3.3,0.8,elderly_care
V0262,"fundraising,medical_assistance",0.91,25,12.8317,77.5429,29,0,4.6,0.81,animal_welfare
V0263,"legal_advice,social_media",0.86,5,13.0664,77.7221,59,6,4.1,0.55,child_welfare
V0264,"counseling,legal_advice,public_speaking,medical_assistance,data_entry,writing",0.5,20,12.8566,77.5387,9,39,4.2,0.85,education
V0265,"data_entry,writing,mentoring,translation,community_outreach",0.6,40,12.9599,77.6946,19,19,3.6,0.75,healthcare
V0266,"social_media,coding,community_outreach",0.84,25,12.9846,77.5089,41,5,3.4,0.61,animal_welfare
V0267,"cooking,counseling,mentoring,graphic_design,construction",0.48,40,12.9203,77.7216,33,36,3.1,0.6,women_empowerment
V0268,"writing,mentoring",0.82,15,12.7327,77.6617,23,29,4.0,0.82,healthcare
V0269,"writing,counseling",0.98,20,12.8513,77.6031,37,35,3.7,0.58,child_welfare
V0270,"coding,teaching",0.74,10,12.9383,77.6234,54,14,4.3,0.84,child_welfare
V0271,"cooking,teaching,gardening,translation,community_outreach",0.88,10,13.0031,77.6292,16,38,4.6,0.65,child_welfare
V0272,"medical_assistance,counseling,community_outreach,public_speaking,event_planning",0.89,20,12.7926,77.6326,37,6,3.0,1.0,elderly_care
V0273,"coding,construction,event_planning,translation,mentoring,graphic_design",0.92,15,13.1443,77.5819,41,45,4.9,0.83,women_empowerment
V0274,"cooking,writing,mentoring",0.76,30,13.0456,77.3908,20,43,3.3,0.51,disaster_relief
V0275,"public_speaking,legal_advice,medical_assistance,cooking",1.0,40,12.9585,77.4376,12,21,4.5,0.61,disaster_relief
V0276,"cooking,coding,graphic_design,construction",0.84,30,12.937,77.7171,51,35,4.5,0.59,elderly_care
V0277,"writing,counseling",0.65,15,13.0109,77.8268,23,16,4.2,0.73,healthcare
V0278,"mentoring,fundraising,translation,photography,public_speaking",0.72,20,13.1059,77.7204,3,9,3.3,0.6,animal_welfare
V0279,"community_outreach,social_media,data_entry,graphic_design,medical_assistance,mentoring",0.51,30,12.8016,77.6079,3,0,3.9,0.6,environment
V0280,"graphic_design,translation,fundraising,social_media,coding,photography",0.98,20,12.8987,77.5135,0,2,4.1,0.87,education
V0281,"cooking,photography,teaching,construction",0.82,15,12.9246,77.5465,19,8,3.2,0.75,child_welfare
V0282,"fundraising,mentoring,coding",0.71,25,13.0884,77.5554,21,27,4.8,1.0,elderly_care
V0283,"counseling,photography,graphic_design,medical_assistance,teaching",0.48,30,12.9982,77.7893,1,37,4.0,0.56,education
V0284,"public_speaking,gardening,mentoring,cooking,data_entry",0.43,5,13.1474,77.7366,26,28,3.8,0.77,disaster_relief
V0285,"photography,teaching,coding",0.71,25,12.9476,77.6076,38,44,3.3,0.92,healthcare
V0286,"event_planning,coding,construction,cooking,writing,translation",0.9,10,12.8088,77.4616,22,45,3.8,0.58,disaster_relief
V0287,"translation,data_entry,writing",0.94,40,13.1531,77.5977,36,42,4.0,0.97,healthcare
V0288,"public_speaking,writing",0.56,5,12.7172,77.6655,6,11,4.7,0.93,elderly_care
V0289,"legal_advice,event_planning,gardening,mentoring",0.79,15,13.0089,77.5969,22,28,4.9,0.63,healthcare
V0290,"data_entry,graphic_design,event_planning,medical_assistance",0.9,30,12.8717,77.667,54,30,4.6,0.82,environment
V0291,"social_media,mentoring",0.46,25,13.1983,77.5682,30,36,4.4,0.59,animal_welfare
V0292,"teaching,social_media,translation,cooking",0.43,15,13.0559,77.667,41,20,3.0,0.93,women_empowerment
V0293,"cooking,construction,event_planning,legal_advice",0.61,30,12.9362,77.5375,41,24,3.3,0.91,education
V0294,"graphic_design,cooking",0.92,5,13.1056,77.4074,48,31,3.6,0.67,child_welfare
V0295,"cooking,writing",0.89,5,12.8744,77.5627,29,28,4.6,0.72,disaster_relief
V0296,"data_entry,event_planning,translation,teaching,mentoring",0.73,40,12.9636,77.6001,5,50,4.2,0.81,child_welfare
V0297,"gardening,photography,community_outreach,data_entry,graphic_design,legal_advice",0.67,25,13.0284,77.6147,49,39,4.2,0.86,elderly_care
V0298,"event_planning,construction,writing,teaching,graphic_design",0.88,25,12.8665,77.7298,33,23,4.4,0.52,environment
V0299,"social_media,legal_advice,event_planning,public_speaking,coding",0.91,10,12.9825,77.6254,29,50,3.4,0.67,animal_welfare
V0300,"construction,event_planning",0.8,25,12.9885,77.474,8,31,3.0,0.87,animal_welfare
V0301,"translation,cooking,graphic_design,gardening,counseling,legal_advice",0.76,15,13.044,77.6702,32,24,3.8,0.8,women_empowerment
V0302,"medical_assistance,data_entry,coding,community_outreach",0.76,30,12.9842,77.5594,32,19,4.7,0.77,elderly_care
V0303,"photography,construction,gardening,coding,data_entry,graphic_design",0.83,10,13.0032,77.5776,32,34,4.4,0.66,healthcare
V0304,"gardening,translation,legal_advice,coding",0.41,5,13.0536,77.5151,1,24,3.3,0.84,women_empowerment
V0305,"graphic_design,coding,public_speaking,social_media",0.58,40,13.071,77.4366,34,2,3.7,0.73,women_empowerment
V0306,"medical_assistance,writing,cooking,coding,counseling,data_entry",0.65,40,13.0703,77.6246,43,20,4.9,0.53,child_welfare
V0307,"community_outreach,writing,counseling",0.76,40,12.9763,77.4469,46,12,3.6,0.59,healthcare
V0308,"graphic_design,cooking,event_planning",0.73,10,12.8886,77.6754,10,37,4.7,0.5,disaster_relief
V0309,"mentoring,social_media,data_entry",0.78,40,12.8001,77.475,42,19,4.0,0.79,elderly_care
V0310,"data_entry,cooking",0.44,25,12.9809,77.6434,10,26,4.1,0.7,elderly_care
V0311,"photography,data_entry,gardening",0.85,25,12.9337,77.6399,30,35,4.6,0.99,education
V0312,"counseling,community_outreach",0.95,10,12.9821,77.7679,2,43,4.8,0.69,healthcare
V0313,"public_speaking,gardening,coding,teaching,community_outreach",0.71,25,12.7645,77.5726,28,31,3.1,0.95,women_empowerment
V0314,"cooking,fundraising,event_planning,graphic_design",0.72,30,13.1773,77.5575,4,13,4.3,0.89,animal_welfare
V0315,"photography,gardening",0.84,20,13.0844,77.3856,41,4,4.5,0.58,disaster_relief
V0316,"mentoring,fundraising,gardening,construction",0.44,40,13.0014,77.6558,14,16,3.8,0.73,animal_welfare
V0317,"data_entry,teaching,medical_assistance,event_planning,public_speaking",0.44,30,13.1661,77.6018,37,2,4.4,0.54,healthcare
V0318,"coding,fundraising,construction,community_outreach",0.42,10,12.8083,77.7453,34,14,3.3,0.7,child_welfare
V0319,"coding,counseling,teaching",0.47,5,12.83,77.5451,36,38,3.8,0.77,healthcare
V0320,"photography,counseling,construction,legal_advice",0.49,10,13.1624,77.466,14,39,4.7,0.6,environment
V0321,"mentoring,gardening,community_outreach,fundraising,social_media,data_entry",0.84,20,12.9958,77.6055,60,21,3.7,0.84,women_empowerment
V0322,"coding,fundraising",0.67,25,13.0411,77.5442,42,19,4.4,0.58,elderly_care
V0323,"legal_advice,graphic_design,teaching,data_entry",0.84,20,12.973,77.6545,17,23,3.3,0.87,disaster_relief
V0324,"community_outreach,counseling,coding,translation,public_speaking",0.45,15,13.1068,77.7048,54,8,4.8,0.6,healthcare
V0325,"teaching,cooking",0.75,40,12.8229,77.433,37,13,4.8,0.78,disaster_relief
V0326,"counseling,medical_assistance,writing",0.91,10,13.0953,77.4941,29,32,4.0,0.7,education
V0327,"graphic_design,cooking,social_media",0.97,30,12.9259,77.6107,55,9,4.5,0.74,elderly_care
V0328,"writing,translation",0.54,30,12.9798,77.6656,13,33,4.8,0.68,disaster_relief
V0329,"mentoring,construction,data_entry,event_planning,counseling",0.56,30,13.1395,77.5609,16,37,4.1,0.59,animal_welfare
V0330,"construction,fundraising,cooking,public_speaking",0.71,15,12.7968,77.7665,52,22,4.0,0.74,education
V0331,"social_media,community_outreach,graphic_design,writing,mentoring,public_speaking",0.51,15,12.9361,77.5498,38,45,4.6,0.83,animal_welfare
V0332,"event_planning,translation,gardening,cooking",0.9,5,12.9823,77.6369,15,2,3.3,0.8,environment
V0333,"mentoring,social_media,construction,graphic_design,gardening,fundraising",0.98,30,12.8626,77.5832,1,46,4.5,0.91,healthcare
V0334,"community_outreach,translation,gardening",0.76,40,13.079,77.7916,37,49,3.4,0.83,child_welfare
V0335,"data_entry,community_outreach,fundraising",0.47,10,12.9848,77.6979,33,32,4.4,0.91,healthcare
V0336,"translation,mentoring,cooking",0.8,25,12.972,77.5694,34,0,4.8,0.89,animal_welfare
V0337,"legal_advice,counseling,mentoring,construction,event_planning,medical_assistance",0.61,40,12.7652,77.6179,47,48,4.7,0.79,animal_welfare
V0338,"public_speaking,translation,writing",0.76,25,12.9907,77.5825,26,16,3.4,0.85,education
V0339,"cooking,event_planning,construction,teaching,photography,data_entry",0.65,5,13.0317,77.8035,9,27,4.3,0.63,animal_welfare
V0340,"counseling,public_speaking,medical_assistance,photography,translation,gardening",0.62,25,12.9991,77.4671,30,16,5.0,0.79,animal_welfare
V0341,"event_planning,writing,community_outreach",0.46,25,13.0246,77.3436,25,50,3.7,0.78,education
V0342,"medical_assistance,teaching,fundraising",0.76,5,13.0282,77.4804,4,16,3.4,0.54,education
V0343,"medical_assistance,cooking,coding,mentoring,construction",0.66,10,13.0455,77.4381,54,42,4.9,0.76,women_empowerment
V0344,"cooking,construction",0.8,15,12.9187,77.437,15,41,3.0,0.58,child_welfare
V0345,"counseling,medical_assistance,gardening,photography,public_speaking",0.95,25,13.1609,77.6129,18,46,4.7,0.96,elderly_care
V0346,"public_speaking,writing,photography,community_outreach",0.56,20,13.1121,77.5282,32,6,4.1,0.75,elderly_care
V0347,"cooking,public_speaking",0.74,30,13.1281,77.4403,28,24,4.1,0.88,elderly_care
V0348,"community_outreach,teaching,translation,event_planning,social_media",1.0,30,13.1277,77.6651,44,14,4.6,0.71,elderly_care
V0349,"gardening,teaching,public_speaking,writing,social_media,mentoring",0.61,25,12.8087,77.7147,59,11,4.0,0.68,child_welfare
V0350,"photography,translation,construction",0.56,10,12.9778,77.6597,12,15,4.7,0.68,healthcare
V0351,"fundraising,translation",0.72,5,12.8157,77.4592,54,30,3.7,0.66,child_welfare
V0352,"graphic_design,cooking,public_speaking,medical_assistance,event_planning",0.72,20,12.9716,77.5599,30,34,3.1,0.67,environment
V0353,"event_planning,cooking,community_outreach,data_entry,counseling",0.63,5,13.1535,77.6042,20,23,4.2,0.63,child_welfare
V0354,"public_speaking,translation,data_entry",0.53,30,12.8819,77.6952,48,23,3.7,0.7,disaster_relief
V0355,"construction,social_media,writing",0.88,25,13.0481,77.4154,27,24,3.4,0.9,environment
V0356,"teaching,graphic_design,legal_advice,translation,fundraising",0.71,30,13.2011,77.5882,20,50,4.0,0.63,education
V0357,"event_planning,graphic_design,mentoring,photography,legal_advice",0.46,30,12.9655,77.8213,21,16,3.7,0.78,child_welfare
V0358,"teaching,legal_advice,event_planning,counseling",0.52,25,13.1466,77.4019,41,41,4.1,0.99,child_welfare
V0359,"data_entry,cooking,translation,community_outreach",0.57,30,13.0508,77.5288,9,10,4.3,0.96,animal_welfare
V0360,"construction,medical_assistance,fundraising,cooking,translation,graphic_design",0.57,15,12.9833,77.6794,38,41,3.8,0.94,elderly_care
V0361,"cooking,community_outreach,legal_advice,graphic_design,fundraising,construction",0.8,30,13.1662,77.623,44,47,3.2,0.58,healthcare
V0362,"fundraising,translation",0.64,40,12.9648,77.5925,5,6,3.5,0.58,animal_welfare
V0363,"writing,construction,coding,community_outreach",0.9,5,12.9467,77.5693,2,42,3.7,0.96,disaster_relief
V0364,"gardening,public_speaking,community_outreach,social_media,counseling",0.67,30,12.8168,77.5556,40,36,3.9,0.82,child_welfare
V0365,"translation,gardening,writing,fundraising",0.56,15,12.8793,77.6299,0,0,4.0,0.88,environment
V0366,"coding,translation,teaching,gardening",0.41,20,13.0934,77.5524,51,18,4.2,0.9,elderly_care
V0367,"legal_advice,gardening,construction",0.84,20,12.9368,77.6217,53,24,3.4,0.54,women_empowerment
V0368,"public_speaking,coding,construction,legal_advice,event_planning,translation",0.47,20,13.0052,77.61,39,28,3.5,0.81,women_empowerment
V0369,"teaching,social_media,mentoring,construction",0.56,30,12.9824,77.62,28,46,3.0,0.55,education
V0370,"photography,data_entry,legal_advice,coding,medical_assistance",0.68,40,13.0541,77.3378,2,21,3.2,0.88,environment
V0371,"public_speaking,medical_assistance",0.52,40,13.0861,77.6497,16,24,4.7,0.56,women_empowerment
V0372,"community_outreach,writing,mentoring,photography,gardening",0.8,10,12.9693,77.5693,30,24,4.4,0.66,elderly_care
V0373,"mentoring,gardening,cooking",0.58,15,13.0652,77.6849,56,3,4.7,0.61,healthcare
V0374,"legal_advice,data_entry,teaching",0.47,40,13.0086,77.6594,15,0,4.9,0.79,disaster_relief
V0375,"social_media,counseling,fundraising,writing,cooking,translation",0.96,40,13.112,77.6854,40,3,3.1,0.82,healthcare
V0376,"translation,writing,data_entry",0.85,40,13.1833,77.5701,57,28,4.5,0.51,animal_welfare
V0377,"social_media,public_speaking,mentoring,translation",0.73,20,12.9309,77.4491,12,36,3.4,0.67,disaster_relief
V0378,"gardening,graphic_design,fundraising,social_media",0.72,20,12.7612,77.6639,0,49,4.3,0.69,environment
V0379,"counseling,writing",0.98,40,12.9642,77.6101,24,12,4.0,0.75,environment
V0380,"coding,data_entry,legal_advice,gardening,mentoring,community_outreach",0.9,10,12.9538,77.592,11,2,3.4,0.74,healthcare
V0381,"construction,medical_assistance",0.82,15,12.8939,77.4756,3,23,3.4,0.86,education
V0382,"translation,fundraising,community_outreach",0.73,20,12.9768,77.579,52,23,4.6,0.53,child_welfare
V0383,"mentoring,fundraising,coding,gardening,event_planning,public_speaking",0.72,10,13.1322,77.7069,12,33,4.3,0.79,environment
V0384,"gardening,legal_advice,event_planning,counseling,data_entry,writing",0.46,40,12.9377,77.4843,11,35,3.8,0.67,environment
V0385,"community_outreach,counseling,data_entry,cooking,legal_advice,graphic_design",0.9,15,12.8258,77.6842,38,15,4.1,0.61,child_welfare
V0386,"community_outreach,construction,medical_assistance,teaching",0.76,25,12.9322,77.3319,8,19,3.0,0.99,women_empowerment
V0387,"teaching,public_speaking,cooking,social_media",0.49,15,13.0748,77.6641,23,37,3.5,0.63,child_welfare
V0388,"construction,medical_assistance",0.45,15,12.9183,77.5699,50,30,3.3,0.91,healthcare
V0389,"coding,mentoring,medical_assistance,fundraising,cooking,teaching",0.93,20,13.0513,77.552,26,7,4.7,0.61,education
V0390,"mentoring,coding,cooking,construction,graphic_design",0.7,10,12.9324,77.5846,9,3,4.3,1.0,disaster_relief
V0391,"construction,cooking,fundraising,writing,photography,social_media",0.6,20,12.9807,77.5556,36,47,3.1,0.7,healthcare
V0392,"cooking,legal_advice,social_media,construction,writing",0.79,10,12.8488,77.5466,35,39,5.0,0.76,women_empowerment
V0393,"public_speaking,legal_advice",0.45,30,12.8604,77.8183,26,27,3.7,0.6,elderly_care
V0394,"teaching,coding,graphic_design,counseling,gardening,legal_advice",0.49,5,13.0909,77.5872,59,14,3.4,0.69,healthcare
V0395,"mentoring,writing",0.92,40,13.2093,77.5156,18,0,3.7,0.9,child_welfare
V0396,"translation,teaching,data_entry,photography,counseling",0.71,15,12.9181,77.5816,35,30,4.2,1.0,education
V0397,"construction,cooking,mentoring,public_speaking,fundraising",0.82,15,13.022,77.6146,3,29,4.3,0.5,animal_welfare
V0398,"counseling,event_planning,teaching,coding",0.54,20,13.0897,77.4647,32,45,3.2,0.66,healthcare
V0399,"photography,cooking,community_outreach",0.42,25,12.7929,77.5229,19,21,4.0,0.87,education
V0400,"counseling,construction,coding,writing",0.57,5,13.236,77.5879,40,16,4.8,0.95,education
V0401,"public_speaking,writing,social_media,data_entry,community_outreach,photography",0.63,30,12.9585,77.5748,39,40,4.4,0.71,environment
V0402,"coding,data_entry,community_outreach,social_media,event_planning",0.81,10,12.8813,77.4661,55,8,3.6,0.85,environment
V0403,"social_media,graphic_design,data_entry,fundraising,public_speaking",0.51,40,12.7813,77.5546,56,9,4.5,0.88,animal_welfare
V0404,"coding,community_outreach,public_speaking,social_media,medical_assistance",0.42,25,12.9851,77.6275,39,17,4.2,0.81,women_empowerment
V0405,"teaching,counseling,fundraising",0.7,25,12.9228,77.4754,30,45,4.3,0.59,animal_welfare
V0406,"translation,social_media,graphic_design,photography,event_planning",0.41,15,13.174,77.6362,60,26,3.4,0.84,women_empowerment
V0407,"fundraising,graphic_design,community_outreach",0.59,20,13.0605,77.4965,56,15,3.9,0.89,animal_welfare
V0408,"medical_assistance,gardening,cooking,mentoring",0.9,5,12.8506,77.5788,56,15,4.0,0.7,education
V0409,"medical_assistance,cooking,mentoring,photography,social_media,writing",0.9,20,12.9056,77.6438,10,27,3.6,0.96,environment
V0410,"community_outreach,fundraising,cooking,event_planning,gardening",0.82,10,13.0171,77.3452,25,26,3.6,0.51,disaster_relief
V0411,"photography,community_outreach,fundraising,public_speaking,graphic_design,counseling",0.5,30,12.8572,77.4401,7,5,3.2,0.72,elderly_care
V0412,"cooking,medical_assistance",0.77,10,12.9334,77.3338,24,35,3.8,0.88,elderly_care
V0413,"social_media,graphic_design,construction,gardening,medical_assistance,counseling",0.84,20,13.0506,77.621,18,40,3.4,0.95,women_empowerment
V0414,"public_speaking,teaching",0.73,5,12.7482,77.654,38,31,3.5,0.79,disaster_relief
V0415,"legal_advice,community_outreach,fundraising,teaching,event_planning",0.78,40,13.0271,77.5439,52,13,3.1,0.57,elderly_care
V0416,"social_media,mentoring",0.58,5,12.8588,77.3982,3,6,3.8,0.59,child_welfare
V0417,"construction,gardening,graphic_design,community_outreach,counseling,coding",0.86,15,12.9654,77.6021,23,24,4.6,0.88,healthcare
V0418,"translation,social_media,event_planning,public_speaking",0.53,10,12.9182,77.6929,39,3,3.2,0.86,healthcare
V0419,"coding,legal_advice,data_entry,public_speaking,translation",0.96,25,12.8216,77.518,36,31,4.0,0.82,disaster_relief
V0420,"writing,coding,photography",0.78,5,12.9781,77.5947,47,13,4.6,1.0,animal_welfare
V0421,"data_entry,counseling",0.41,10,12.8116,77.5308,44,18,3.5,0.53,child_welfare
V0422,"gardening,data_entry,teaching,event_planning,construction,graphic_design",0.77,5,12.8653,77.759,53,11,3.4,0.92,disaster_relief
V0423,"mentoring,social_media,translation,gardening,data_entry",0.94,20,12.7449,77.6519,50,26,4.9,0.53,child_welfare
V0424,"data_entry,gardening,teaching,photography,coding,construction",0.88,5,12.85,77.8103,9,17,4.7,0.67,animal_welfare
V0425,"graphic_design,medical_assistance,construction,event_planning,legal_advice,gardening",0.59,5,12.9734,77.404,17,26,3.2,0.94,elderly_care
V0426,"coding,photography,cooking,construction,fundraising",0.87,5,13.1332,77.7321,28,32,3.0,0.74,environment
V0427,"data_entry,translation,cooking",0.86,5,12.9388,77.6768,52,33,4.4,0.57,education
V0428,"medical_assistance,cooking,event_planning,teaching,social_media",0.76,5,13.1408,77.518,21,29,4.8,0.55,child_welfare
V0429,"construction,coding",0.52,15,12.9351,77.5512,17,34,3.6,0.72,healthcare
V0430,"social_media,graphic_design,public_speaking,event_planning",0.71,10,13.1392,77.6107,34,22,4.1,0.64,child_welfare
V0431,"writing,graphic_design,fundraising,coding,translation,gardening",0.42,30,12.9583,77.5911,3,6,3.8,0.54,animal_welfare
V0432,"construction,community_outreach,counseling",0.83,30,12.8871,77.7987,51,34,3.2,0.96,disaster_relief
V0433,"social_media,fundraising,community_outreach,event_planning,writing,construction",0.68,10,12.8948,77.4187,60,14,3.3,0.95,child_welfare
V0434,"medical_assistance,graphic_design,data_entry,cooking",0.69,15,12.9638,77.597,30,29,4.7,0.64,elderly_care
V0435,"construction,social_media,cooking,event_planning,photography,legal_advice",0.73,5,12.9652,77.5664,50,19,4.1,0.7,animal_welfare
V0436,"writing,gardening,graphic_design",0.6,40,13.0739,77.5777,44,37,3.9,0.99,elderly_care
V0437,"writing,graphic_design,fundraising,translation,mentoring,coding",0.46,20,12.8992,77.5447,11,19,4.9,0.53,healthcare
V0438,"medical_assistance,data_entry,translation,mentoring,cooking,event_planning",0.94,30,13.0696,77.3758,51,0,4.5,0.83,disaster_relief
V0439,"coding,medical_assistance,community_outreach,photography,event_planning,data_entry",0.88,30,13.0297,77.5382,19,27,4.4,0.96,healthcare
V0440,"teaching,cooking,medical_assistance,social_media,legal_advice,translation",0.98,5,13.1966,77.6877,45,35,4.6,0.68,child_welfare
V0441,"writing,legal_advice",0.59,20,12.9401,77.4928,25,24,3.9,0.61,environment
V0442,"social_media,photography,medical_assistance,counseling,legal_advice",0.92,10,12.9039,77.6333,8,0,3.1,0.51,disaster_relief
V0443,"social_media,fundraising,construction,legal_advice,translation",0.76,20,12.7665,77.6528,39,11,3.9,0.71,disaster_relief
V0444,"counseling,writing,graphic_design,legal_advice,coding",0.84,30,13.1061,77.6009,32,17,3.8,0.77,elderly_care
V0445,"mentoring,translation",0.69,30,12.963,77.5652,5,9,4.5,0.76,child_welfare
V0446,"cooking,fundraising,construction,gardening,event_planning",0.98,5,12.7741,77.6291,43,40,4.1,0.79,education
V0447,"gardening,teaching,translation,community_outreach",0.84,20,12.8452,77.5845,22,18,3.6,0.52,child_welfare
V0448,"public_speaking,mentoring,translation,graphic_design,coding,teaching",0.84,5,12.9278,77.529,18,31,3.2,0.75,child_welfare
V0449,"social_media,public_speaking,gardening,cooking",0.5,25,13.0016,77.5973,47,9,4.3,0.68,environment
V0450,"writing,translation,graphic_design,mentoring",0.49,40,12.959,77.6136,9,31,4.5,0.71,animal_welfare
V0451,"community_outreach,graphic_design,photography",0.43,15,12.7707,77.4878,48,7,3.1,0.73,disaster_relief
V0452,"translation,gardening,writing,medical_assistance",0.56,25,12.9288,77.4982,55,27,3.0,0.96,disaster_relief
V0453,"data_entry,cooking,mentoring,event_planning,community_outreach",0.91,25,12.8778,77.5759,58,41,4.7,0.67,child_welfare
V0454,"public_speaking,medical_assistance",0.55,30,12.7945,77.6388,37,49,3.4,0.67,environment
V0455,"gardening,teaching,construction,fundraising",0.46,20,12.9979,77.5966,22,14,4.5,0.63,education
V0456,"fundraising,mentoring",0.9,25,13.136,77.5277,40,7,4.4,0.56,environment
V0457,"construction,graphic_design,event_planning,gardening,social_media",0.45,20,12.9223,77.7662,59,17,4.5,0.85,elderly_care
V0458,"graphic_design,fundraising,public_speaking,mentoring",0.44,40,12.905,77.655,16,11,3.9,0.75,women_empowerment
V0459,"medical_assistance,graphic_design,translation,event_planning,fundraising,public_speaking",0.79,20,12.9785,77.536,45,16,3.2,0.54,child_welfare
V0460,"teaching,translation,social_media,construction,community_outreach",0.49,15,13.0742,77.6195,57,25,4.1,0.76,disaster_relief
V0461,"legal_advice,medical_assistance,fundraising,writing,teaching",0.87,5,12.8323,77.7183,36,34,4.9,0.68,child_welfare
V0462,"mentoring,fundraising,counseling,data_entry,construction",0.57,10,13.083,77.4219,11,35,3.1,0.69,women_empowerment
V0463,"medical_assistance,event_planning,counseling,translation",0.84,10,13.1189,77.6815,2,12,3.1,1.0,women_empowerment
V0464,"medical_assistance,fundraising,coding,translation,public_speaking",0.98,5,13.1857,77.5467,2,21,3.1,0.89,education
V0465,"event_planning,photography,cooking,community_outreach,data_entry",0.84,10,13.071,77.489,59,4,3.1,0.57,education
V0466,"mentoring,writing,social_media,teaching,fundraising",0.89,5,12.8072,77.4136,29,39,3.3,0.8,healthcare
V0467,"translation,writing",0.6,40,13.0221,77.6158,47,43,3.8,0.56,environment
V0468,"photography,mentoring,graphic_design,data_entry",0.85,10,13.0399,77.6232,44,23,4.1,0.72,education
V0469,"event_planning,medical_assistance,graphic_design",0.4,10,13.1026,77.6075,59,5,4.4,0.8,child_welfare
V0470,"translation,social_media,photography,gardening,data_entry",0.54,10,12.9556,77.7153,39,44,3.1,0.59,disaster_relief
V0471,"fundraising,coding,counseling,legal_advice,teaching,public_speaking",0.72,5,12.9745,77.6262,39,23,4.7,0.99,women_empowerment
V0472,"photography,public_speaking,mentoring,construction,cooking",0.98,20,13.0251,77.4173,31,11,3.3,0.96,education
V0473,"coding,photography,legal_advice,public_speaking",0.86,5,12.8617,77.7824,6,47,3.1,0.77,environment
V0474,"translation,cooking",0.83,25,13.152,77.7558,37,20,3.8,0.87,elderly_care
V0475,"event_planning,data_entry,writing",0.92,20,13.1343,77.7098,57,14,3.1,0.79,education
V0476,"social_media,photography,community_outreach,graphic_design,gardening",0.52,15,12.885,77.6829,17,12,3.7,0.52,education
V0477,"social_media,event_planning,community_outreach,cooking",0.53,15,12.7926,77.6956,38,10,4.6,0.82,environment
V0478,"gardening,writing,fundraising,legal_advice,translation,public_speaking",0.75,40,12.7031,77.6128,29,17,3.0,0.71,women_empowerment
V0479,"data_entry,legal_advice,writing",0.49,25,13.096,77.4941,57,0,3.8,0.52,disaster_relief
V0480,"mentoring,legal_advice,cooking,medical_assistance,writing,translation",0.67,10,13.0376,77.3827,5,35,4.5,0.85,animal_welfare
V0481,"social_media,counseling,coding",0.41,30,12.9901,77.8639,19,10,4.4,0.93,education
V0482,"community_outreach,social_media,medical_assistance,graphic_design,cooking",0.82,5,13.0888,77.4722,55,40,3.1,0.95,elderly_care
V0483,"mentoring,coding,legal_advice,public_speaking,counseling,gardening",0.87,5,12.7645,77.538,39,21,4.5,0.53,elderly_care
V0484,"event_planning,medical_assistance",0.62,10,12.8605,77.7197,41,35,4.4,0.78,women_empowerment
V0485,"data_entry,writing,event_planning",0.85,40,12.8535,77.4341,44,13,4.5,0.88,elderly_care
V0486,"public_speaking,cooking,legal_advice,construction",0.67,25,13.0665,77.6284,33,7,3.9,0.77,child_welfare
V0487,"counseling,fundraising,photography,community_outreach,mentoring",0.57,5,13.1841,77.7117,6,10,3.6,0.85,disaster_relief
V0488,"photography,cooking,teaching",0.72,10,12.9014,77.8471,30,22,3.8,0.87,education
V0489,"photography,fundraising,teaching,writing",0.6,25,13.043,77.4737,21,41,4.3,0.66,disaster_relief
V0490,"coding,social_media,construction,graphic_design,medical_assistance",0.98,40,12.9634,77.7252,54,3,3.3,0.64,environment
V0491,"graphic_design,gardening,coding,construction,fundraising,legal_advice",0.88,10,12.908,77.3585,15,7,3.1,0.66,environment
V0492,"public_speaking,counseling,graphic_design,photography,construction",0.99,10,12.9237,77.4212,23,28,4.1,0.58,child_welfare
V0493,"teaching,medical_assistance",0.97,15,13.1601,77.5074,9,0,4.9,0.77,elderly_care
V0494,"translation,coding,social_media,community_outreach",0.69,5,12.9555,77.6204,8,43,4.1,0.65,animal_welfare
V0495,"writing,community_outreach,counseling,fundraising,graphic_design,teaching",0.72,40,12.9306,77.5615,59,49,3.6,0.51,disaster_relief
V0496,"cooking,medical_assistance",0.76,5,13.001,77.6753,58,42,3.7,0.57,animal_welfare
V0497,"medical_assistance,counseling,teaching,coding",0.67,25,12.9248,77.6635,5,13,4.5,0.72,animal_welfare
V0498,"coding,graphic_design,legal_advice,cooking,fundraising",0.49,15,13.0543,77.4558,30,33,5.0,0.53,animal_welfare
V0499,"teaching,legal_advice",0.5,20,12.9241,77.538,45,36,4.5,0.57,environment
V0500,"coding,gardening,translation,mentoring,legal_advice",0.58,25,13.0756,77.3944,47,29,3.4,0.9,environment
